<?xml version="1.0" ?>
<BookList>
  <Book ISBN13="9781590598597">
    <Title>The Essential Guide to Dreamweaver CS3 with CSS, Ajax, and PHP</Title>
    <Authors>
      <Author>David Powers</Author>
    </Authors>
    <Publisher>friends of ED</Publisher>
    <ListPrice>49.99</ListPrice>
  </Book>
  <Book ISBN13="9781590598610">
    <Title>Foundation Flash CS3 for Designers</Title>
    <Authors>
      <Author>Tom Green</Author>
      <Author>David Stiller</Author>
    </Authors>
    <Publisher>friends of ED</Publisher>
    <ListPrice>39.99</ListPrice>
  </Book>
  <Book ISBN13="9781590598146">
    <Title>Microformats: Empowering Your Markup for Web 2.0</Title>
	<Authors>
	  <Author>John Allsopp</Author>
	</Authors>
	<Publisher>friends of ED</Publisher>
	<ListPrice>34.99</ListPrice>
  </Book>
  <Book ISBN13="9781590598030">
    <Title>Web Standards Creativity: Innovations in Web Design with XHTML, CSS, and DOM Scripting</Title>
	<Authors>
	  <Author>Cameron Adams</Author>
	  <Author>Mark Boulton</Author>
	  <Author>Andy Budd</Author>
	  <Author>Andy Clarke</Author>
	  <Author>Simon Collison</Author>
	  <Author>Jeff Croft</Author>
	  <Author>Derek Featherstone</Author>
	  <Author>Ian Lloyd</Author>
	  <Author>Ethan Marcotte</Author>
	  <Author>Dan Rubin</Author>
	  <Author>Rob Weychert</Author>
	</Authors>
	<Publisher>friends of ED</Publisher>
	<ListPrice>49.99</ListPrice>
  </Book>
  <Book ISBN13="9781590598061">
    <Title>Web Development Solutions: Ajax, APIs, Libraries, and Hosted Services Made Easy</Title>
	<Authors>
	  <Author>Mark 'Norm' Norman Francis</Author>
	  <Author>Christian Heilmann</Author>
	</Authors>
	<Publisher>friends of ED</Publisher>
	<ListPrice>34.99</ListPrice>
  </Book>
  <Book ISBN13="9751590596678">
    <Title>Beginning Ajax with PHP: From Novice to Professional</Title>
	<Authors>
	  <Author>Lee Babin</Author>
	</Authors>
	<Publisher>Apress</Publisher>
	<ListPrice>34.99</ListPrice>
  </Book>
  <Book ISBN13="9781590595527">
    <Title>Beginning PHP and MySQL 5: From Novice to Professional, Second Edition</Title>
	<Authors>
	  <Author>W. Jason Gilmore</Author>
	</Authors>
	<Publisher>Apress</Publisher>
	<ListPrice>44.99</ListPrice>
  </Book>
  <Book ISBN13="9781590596890">
    <Title>Beginning CSS Web Development: From Novice to Professional</Title>
    <Authors>
      <Author>Simon Collison</Author>
    </Authors>
    <Publisher>Apress</Publisher>
    <ListPrice>34.99</ListPrice>
  </Book>
  <Book ISBN13="9781590597323">
    <Title>Pro CSS Techniques</Title>
	<Authors>
	  <Author>Jeff Croft</Author>
	  <Author>Ian Lloyd</Author>
	  <Author>Dan Rubin</Author>
	</Authors>
	<Publisher>Apress</Publisher>
    <ListPrice>39.99</ListPrice>
  </Book>
  <Book ISBN13="9781590598153">
    <Title>Foundation Actionscript 3.0 with Flash CS3 and Flex 2</Title>
	<Authors>
	  <Author>Sean McSharry</Author>
	  <Author>Steve Webster</Author>
	</Authors>
	<Publisher>friends of ED</Publisher>
	<ListPrice>39.99</ListPrice>
  </Book>
</BookList>
