<?xml version="1.0" encoding="utf-8"?>
<gallery>
  <photo>
    <file width="350" height="237">basin.jpg</file>
	<caption>Water basin at Ryoanji temple, Kyoto</caption>
	<description><![CDATA[<p>Most visitors to Ryoanji Temple go to see just one thing&#8212;the rock garden. It's probably the most famous dry landscape (karesansui) garden&#8212;15 irregularly shaped rocks in a bed of gravel that's raked every day. It's been there since the 15th century, and is certainly remarkable. But Ryoanji has much more to offer. For me, the water basin just behind the main building is exquisite.</p><p>The basin is carved out of a circular piece of stone, but water trickles from a bamboo spout into a square cavity. Carved around the edge are four partial Chinese characters, which are completed by the square. Read together, they mean "I learn only to be contented"&#8212;knowledge for its own sake is sufficient. In other words, someone who learns to be contented is rich in spirit and character, whereas someone who may be materially wealthy is spiritually poor if they do not learn contentment.</p>]]></description>
  </photo>
  <photo>
    <file width="350" height="265">fountains.jpg</file>
	<caption>Fountains in central Tokyo</caption>
	<description><![CDATA[<p>Between the Imperial Palace and Tokyo Station is a small park with no grass, but an attractive selection of fountains. It was created to celebrate the wedding of Crown Prince Naruhito to Masako Owada in 1993.</p><p>The fountains bring a breath of cool, fresh air to the city on a hot day. At night, they are illuminated, and provide a restful break from a city that never seems to sleep.</p>]]></description>
  </photo>
  <photo>
    <file width="270" height="346">kinkakuji.jpg</file>
	<caption>The Golden Pavilion in Kyoto</caption>
	<description><![CDATA[<p>Kinkakuji&#8212;the Golden Pavilion&#8212;is probably one of Kyoto's best-known sights. Originally built in 1397, it was burned down by a mentally disturbed monk in 1950. Yukio Mishima's novel <em>The Temple of the Golden Pavilion</em> is based on a fictionalized account of the arson.</p><p>An exact replica was built on the same spot in 1955. The building itself, covered in gold leaf, looks rather ostentatious. The real beauty lies in its surroundings and the reflection of the pavilion in the glass-like surface of the lake.</p>]]></description>
  </photo>
  <photo>
    <file width="340" height="205">maiko.jpg</file>
	<caption>Maiko&#8212;trainee geishas in Kyoto</caption>
	<description><![CDATA[<p>The real joys of Kyoto lie in unexpected encounters. Shijo-dori is one of the main shopping streets, packed with local people and visitors. Just as I started to cross the road, I heard a little clatter behind me, and looked around. There were two young women in exquisite kimonos, their faces painted white, and with cupid-bow, red lips. The clatter came from the geta, the high wooden sandals they had on their feet. Just like everyone else, it seemed, they were out enjoying a morning's window shopping.</p><p>This is a sight that you'll rarely see anywhere else in Japan, except Kyoto. The young women were maiko, trainee geishas, who spend years studying traditional song and dance. It's an unusual profession to have survived in a country that's now so modern, but geisha are respected for preserving traditional arts - and in a most attractive way.</p>]]>
	</description>
  </photo>
  <photo>
    <file width="200" height="263">maiko_phone.jpg</file>
	<caption>Every maiko should have one&#8212;a mobile, of course</caption>
	<description><![CDATA[<p>Maiko&#8212;trainee geishas in Kyoto&#8212;may be dedicated to the study and performance of traditional song and dance, but that doesn't mean they ignore the modern world. As I was making my way through Higashiyama Ward, I spotted this maiko rushing along the street, deep in conversation on her mobile phone. Making arrangements for her next appointment, or indulging in a bit of girl's talk?</p>]]></description>
  </photo>
  <photo>
    <file width="320" height="231">menu.jpg</file>
	<caption>Menu outside restaurant in Pontocho, Kyoto</caption>
	<description><![CDATA[<p>Every city has narrow alleyways that are best avoided, even by the locals. But Kyoto has one alleyway that's well worth a visit. Pontocho is a long, narrow street only a couple of metres wide that's crammed with restaurants and bars. There are dozens, if not hundreds of them; and if you're adventurous enough to wander into even narrower side-alleys, you'll find a few more.</p><p>Some of the restaurants are very modern, but others seem as though they haven''t changed since time immemorial. The best way to enjoy an evening's meal in Kyoto is to perch yourself on a tiny stool at the counter of a restaurant serving o-banzai. It's hard to describe o-banzai other than as exotic, high-class, home cooking. The ingredients depend on what's in season, but include a lot of fish, vegetables, tofu, and pork. It doesn''t matter if you can't read the menu, because most food is laid out in small dishes on the counter, and served in tiny portions. A delicious, traditional night out.</p>]]></description>
  </photo>
  <photo>
    <file width="189" height="350">monk.jpg</file>
	<caption>Monk begging for alms in Kyoto</caption>
	<description><![CDATA[<p>The area in front of Kiyomizu Temple in Kyoto is constantly thronged with tourists. It's a noisy, lively place. Yet apparently oblivious to all around him was this monk, quietly chanting sutras. From time to time, someone would approach and place an offering in his bowl. His only response was to lift the bowl higher, and then bow deeply, all the while continuing to chant.</p><p>It was December and bitterly cold. Only the thinnest of straw sandals lay between his bare feet and the flagstones.</p>]]></description>
  </photo>
  <photo>
    <file width="330" height="221">ryoanji.jpg</file>
	<caption>Autumn leaves at Ryoanji temple, Kyoto</caption>
	<description><![CDATA[<p>Many parts of Japan turn into a blaze of colour in late autumn, as the leaves turn various shades of gold, red, and brown. Ryoanji Temple in the North-West of Kyoto is surrounded by extensive woodland, mainly consisting of maples.</p><p>The temple was founded in 1450, and is famous for its rock garden.</p>]]></description>
  </photo>
</gallery>
	